<mxfile host="app.diagrams.net">
  <diagram name="Flowchart">
    <mxGraphModel dx="974" dy="658" grid="1" gridSize="10" guides="1" tooltips="1" connect="1" arrows="1" fold="1" page="1" pageScale="1" pageWidth="850" pageHeight="1100">
      <root>
        <mxCell id="0"/>
        <mxCell id="1" parent="0"/>
        <mxCell id="start" value="Inicio" style="ellipse;whiteSpace=wrap;html=1;" vertex="1" parent="1">
          <mxGeometry x="120" y="40" width="80" height="40" as="geometry"/>
        </mxCell>
        <mxCell id="showForm" value="Mostrar formulario de reserva" style="rounded=1;whiteSpace=wrap;html=1;" vertex="1" parent="1">
          <mxGeometry x="100" y="120" width="240" height="60" as="geometry"/>
        </mxCell>
        <mxCell id="validateAnnotations" value="Validar anotaciones (ModelState)" style="rounded=1;whiteSpace=wrap;html=1;" vertex="1" parent="1">
          <mxGeometry x="100" y="220" width="240" height="60" as="geometry"/>
        </mxCell>
        <mxCell id="manualChecks" value="Validaciones manuales:\n- Fecha >= hoy\n- HoraFin > HoraInicio\n- Laboratorio válido\n- Código único\n- Sin solapamientos" style="rounded=1;whiteSpace=wrap;html=1;" vertex="1" parent="1">
          <mxGeometry x="80" y="320" width="280" height="140" as="geometry"/>
        </mxCell>
        <mxCell id="errorDecision" value="¿Hay errores?" style="rhombus;whiteSpace=wrap;html=1;" vertex="1" parent="1">
          <mxGeometry x="140" y="500" width="160" height="60" as="geometry"/>
        </mxCell>
        <mxCell id="showErrors" value="Mostrar errores (volver al formulario)" style="rounded=1;whiteSpace=wrap;html=1;" vertex="1" parent="1">
          <mxGeometry x="40" y="600" width="240" height="60" as="geometry"/>
        </mxCell>
        <mxCell id="save" value="Guardar en lista en memoria" style="rounded=1;whiteSpace=wrap;html=1;" vertex="1" parent="1">
          <mxGeometry x="320" y="600" width="200" height="60" as="geometry"/>
        </mxCell>
        <mxCell id="index" value="Ir a vista Index (Listado)" style="rounded=1;whiteSpace=wrap;html=1;" vertex="1" parent="1">
          <mxGeometry x="240" y="700" width="240" height="60" as="geometry"/>
        </mxCell>
        <mxCell id="end" value="Fin" style="ellipse;whiteSpace=wrap;html=1;" vertex="1" parent="1">
          <mxGeometry x="280" y="800" width="80" height="40" as="geometry"/>
        </mxCell>
        <mxCell id="e1" style="edgeStyle=orthogonalEdgeStyle;rounded=0;orthogonalLoop=1;jettySize=auto;html=1;" edge="1" parent="1" source="start" target="showForm">
          <mxGeometry relative="1" as="geometry"/>
        </mxCell>
        <mxCell id="e2" edge="1" parent="1" source="showForm" target="validateAnnotations"><mxGeometry relative="1" as="geometry"/></mxCell>
        <mxCell id="e3" edge="1" parent="1" source="validateAnnotations" target="manualChecks"><mxGeometry relative="1" as="geometry"/></mxCell>
        <mxCell id="e4" edge="1" parent="1" source="manualChecks" target="errorDecision"><mxGeometry relative="1" as="geometry"/></mxCell>
        <mxCell id="e5" edge="1" parent="1" source="errorDecision" target="showErrors"><mxGeometry relative="1" as="geometry"/>
        </mxCell>
        <mxCell id="e6" edge="1" parent="1" source="errorDecision" target="save"><mxGeometry relative="1" as="geometry"/>
        </mxCell>
        <mxCell id="e7" edge="1" parent="1" source="showErrors" target="showForm"><mxGeometry relative="1" as="geometry"/></mxCell>
        <mxCell id="e8" edge="1" parent="1" source="save" target="index"><mxGeometry relative="1" as="geometry"/></mxCell>
        <mxCell id="e9" edge="1" parent="1" source="index" target="end"><mxGeometry relative="1" as="geometry"/></mxCell>
      </root>
    </mxGraphModel>
  </diagram>
</mxfile>
